{
	"info": {
		"_postman_id": "49d536b0-17a5-4e27-8435-1020d69f4307",
		"name": "Trello",
		"schema": "https://schema.getpostman.com/json/collection/v2.1.0/collection.json",
		"_exporter_id": "20552281"
	},
	"item": [
		{
			"name": "Create a new organization",
			"event": [
				{
					"listen": "test",
					"script": {
						"exec": [
							"pm.collectionVariables.set(\"OrganizationID\",pm.response.json().id);\r",
							"\r",
							"pm.test(\"Status code is 200\", function () {\r",
							"    pm.response.to.have.status(200);\r",
							"});"
						],
						"type": "text/javascript"
					}
				}
			],
			"request": {
				"auth": {
					"type": "apikey",
					"apikey": [
						{
							"key": "in",
							"value": "query",
							"type": "string"
						},
						{
							"key": "value",
							"value": "{{APIKey}}",
							"type": "string"
						},
						{
							"key": "key",
							"value": "key",
							"type": "string"
						}
					]
				},
				"method": "POST",
				"header": [],
				"url": {
					"raw": "{{BaseURL}}/1/organizations?displayName=TrelloTestOrganization&desc=Org 01 description&token={{APIToken}}",
					"host": [
						"{{BaseURL}}"
					],
					"path": [
						"1",
						"organizations"
					],
					"query": [
						{
							"key": "displayName",
							"value": "TrelloTestOrganization"
						},
						{
							"key": "desc",
							"value": "Org 01 description"
						},
						{
							"key": "name",
							"value": "test01",
							"disabled": true
						},
						{
							"key": "website",
							"value": "",
							"disabled": true
						},
						{
							"key": "token",
							"value": "{{APIToken}}"
						}
					]
				}
			},
			"response": []
		},
		{
			"name": "Get member id",
			"event": [
				{
					"listen": "test",
					"script": {
						"exec": [
							"pm.collectionVariables.set(\"MemberID\",pm.response.json().id);\r",
							"\r",
							"pm.test(\"Status code is 200\", function () {\r",
							"    pm.response.to.have.status(200);\r",
							"});"
						],
						"type": "text/javascript"
					}
				}
			],
			"request": {
				"auth": {
					"type": "apikey",
					"apikey": [
						{
							"key": "in",
							"value": "query",
							"type": "string"
						},
						{
							"key": "value",
							"value": "{{APIKey}}",
							"type": "string"
						},
						{
							"key": "key",
							"value": "key",
							"type": "string"
						}
					]
				},
				"method": "GET",
				"header": [],
				"url": {
					"raw": "{{BaseURL}}/1/members/me?token={{APIToken}}",
					"host": [
						"{{BaseURL}}"
					],
					"path": [
						"1",
						"members",
						"me"
					],
					"query": [
						{
							"key": "token",
							"value": "{{APIToken}}"
						}
					]
				}
			},
			"response": []
		},
		{
			"name": "Get Organizations for a member",
			"event": [
				{
					"listen": "test",
					"script": {
						"exec": [
							"pm.test(\"Status code is 200\", function () {\r",
							"    pm.response.to.have.status(200);\r",
							"});"
						],
						"type": "text/javascript"
					}
				}
			],
			"request": {
				"auth": {
					"type": "apikey",
					"apikey": [
						{
							"key": "in",
							"value": "query",
							"type": "string"
						},
						{
							"key": "value",
							"value": "{{APIKey}}",
							"type": "string"
						},
						{
							"key": "key",
							"value": "key",
							"type": "string"
						}
					]
				},
				"method": "GET",
				"header": [],
				"url": {
					"raw": "{{BaseURL}}/1/members/{{MemberID}}/organizations?token={{APIToken}}",
					"host": [
						"{{BaseURL}}"
					],
					"path": [
						"1",
						"members",
						"{{MemberID}}",
						"organizations"
					],
					"query": [
						{
							"key": "token",
							"value": "{{APIToken}}"
						}
					]
				}
			},
			"response": []
		},
		{
			"name": "Create a board inside an organization",
			"event": [
				{
					"listen": "test",
					"script": {
						"exec": [
							"pm.collectionVariables.set(\"BoardID\",pm.response.json().id);\r",
							"\r",
							"pm.test(\"Status code is 200\", function () {\r",
							"    pm.response.to.have.status(200);\r",
							"});"
						],
						"type": "text/javascript"
					}
				}
			],
			"request": {
				"auth": {
					"type": "apikey",
					"apikey": [
						{
							"key": "in",
							"value": "query",
							"type": "string"
						},
						{
							"key": "value",
							"value": "{{APIKey}}",
							"type": "string"
						},
						{
							"key": "key",
							"value": "key",
							"type": "string"
						}
					]
				},
				"method": "POST",
				"header": [],
				"url": {
					"raw": "{{BaseURL}}/1/boards/?token={{APIToken}}&name=TrelloTestBoard&desc=Board 01 description&idOrganization={{OrganizationID}}",
					"host": [
						"{{BaseURL}}"
					],
					"path": [
						"1",
						"boards",
						""
					],
					"query": [
						{
							"key": "token",
							"value": "{{APIToken}}"
						},
						{
							"key": "name",
							"value": "TrelloTestBoard"
						},
						{
							"key": "desc",
							"value": "Board 01 description"
						},
						{
							"key": "idOrganization",
							"value": "{{OrganizationID}}"
						}
					]
				}
			},
			"response": []
		},
		{
			"name": "Get boards in an organization",
			"event": [
				{
					"listen": "test",
					"script": {
						"exec": [
							"pm.test(\"Status code is 200\", function () {\r",
							"    pm.response.to.have.status(200);\r",
							"});"
						],
						"type": "text/javascript"
					}
				}
			],
			"request": {
				"auth": {
					"type": "apikey",
					"apikey": [
						{
							"key": "in",
							"value": "query",
							"type": "string"
						},
						{
							"key": "value",
							"value": "{{APIKey}}",
							"type": "string"
						},
						{
							"key": "key",
							"value": "key",
							"type": "string"
						}
					]
				},
				"method": "GET",
				"header": [],
				"url": {
					"raw": "{{BaseURL}}/1/organizations/{{OrganizationID}}/boards?token={{APIToken}}",
					"host": [
						"{{BaseURL}}"
					],
					"path": [
						"1",
						"organizations",
						"{{OrganizationID}}",
						"boards"
					],
					"query": [
						{
							"key": "token",
							"value": "{{APIToken}}"
						}
					]
				}
			},
			"response": []
		},
		{
			"name": "Create a new list",
			"event": [
				{
					"listen": "test",
					"script": {
						"exec": [
							"pm.collectionVariables.set(\"ListID\",pm.response.json().id);\r",
							"\r",
							"pm.test(\"Status code is 200\", function () {\r",
							"    pm.response.to.have.status(200);\r",
							"});"
						],
						"type": "text/javascript"
					}
				}
			],
			"request": {
				"auth": {
					"type": "apikey",
					"apikey": [
						{
							"key": "in",
							"value": "query",
							"type": "string"
						},
						{
							"key": "value",
							"value": "{{APIKey}}",
							"type": "string"
						},
						{
							"key": "key",
							"value": "key",
							"type": "string"
						}
					]
				},
				"method": "POST",
				"header": [],
				"url": {
					"raw": "{{BaseURL}}/1/lists?token={{APIToken}}&name=AshoList01&idBoard={{BoardID}}",
					"host": [
						"{{BaseURL}}"
					],
					"path": [
						"1",
						"lists"
					],
					"query": [
						{
							"key": "token",
							"value": "{{APIToken}}"
						},
						{
							"key": "name",
							"value": "AshoList01"
						},
						{
							"key": "idBoard",
							"value": "{{BoardID}}"
						}
					]
				}
			},
			"response": []
		},
		{
			"name": "Get all lists on a board",
			"event": [
				{
					"listen": "test",
					"script": {
						"exec": [
							"pm.test(\"Status code is 200\", function () {\r",
							"    pm.response.to.have.status(200);\r",
							"});"
						],
						"type": "text/javascript"
					}
				}
			],
			"request": {
				"auth": {
					"type": "apikey",
					"apikey": [
						{
							"key": "in",
							"value": "query",
							"type": "string"
						},
						{
							"key": "value",
							"value": "{{APIKey}}",
							"type": "string"
						},
						{
							"key": "key",
							"value": "key",
							"type": "string"
						}
					]
				},
				"method": "GET",
				"header": [],
				"url": {
					"raw": "{{BaseURL}}/1/boards/{{BoardID}}/lists?token={{APIToken}}",
					"host": [
						"{{BaseURL}}"
					],
					"path": [
						"1",
						"boards",
						"{{BoardID}}",
						"lists"
					],
					"query": [
						{
							"key": "token",
							"value": "{{APIToken}}"
						}
					]
				}
			},
			"response": []
		},
		{
			"name": "Archive a list",
			"event": [
				{
					"listen": "test",
					"script": {
						"exec": [
							"pm.test(\"Status code is 200\", function () {\r",
							"    pm.response.to.have.status(200);\r",
							"});"
						],
						"type": "text/javascript"
					}
				}
			],
			"request": {
				"auth": {
					"type": "apikey",
					"apikey": [
						{
							"key": "in",
							"value": "query",
							"type": "string"
						},
						{
							"key": "value",
							"value": "{{APIKey}}",
							"type": "string"
						},
						{
							"key": "key",
							"value": "key",
							"type": "string"
						}
					]
				},
				"method": "PUT",
				"header": [],
				"url": {
					"raw": "{{BaseURL}}/1/lists/{{ListID}}/closed?token={{APIToken}}&value=true",
					"host": [
						"{{BaseURL}}"
					],
					"path": [
						"1",
						"lists",
						"{{ListID}}",
						"closed"
					],
					"query": [
						{
							"key": "token",
							"value": "{{APIToken}}"
						},
						{
							"key": "value",
							"value": "true"
						}
					]
				}
			},
			"response": []
		},
		{
			"name": "Delete a board",
			"event": [
				{
					"listen": "test",
					"script": {
						"exec": [
							"pm.test(\"Status code is 200\", function () {\r",
							"    pm.response.to.have.status(200);\r",
							"});"
						],
						"type": "text/javascript"
					}
				}
			],
			"request": {
				"auth": {
					"type": "apikey",
					"apikey": [
						{
							"key": "in",
							"value": "query",
							"type": "string"
						},
						{
							"key": "value",
							"value": "{{APIKey}}",
							"type": "string"
						},
						{
							"key": "key",
							"value": "key",
							"type": "string"
						}
					]
				},
				"method": "DELETE",
				"header": [],
				"url": {
					"raw": "{{BaseURL}}/1/boards/{{BoardID}}?token={{APIToken}}",
					"host": [
						"{{BaseURL}}"
					],
					"path": [
						"1",
						"boards",
						"{{BoardID}}"
					],
					"query": [
						{
							"key": "token",
							"value": "{{APIToken}}"
						}
					]
				}
			},
			"response": []
		},
		{
			"name": "Delete an organization",
			"event": [
				{
					"listen": "test",
					"script": {
						"exec": [
							"pm.test(\"Status code is 200\", function () {\r",
							"    pm.response.to.have.status(200);\r",
							"});"
						],
						"type": "text/javascript"
					}
				}
			],
			"request": {
				"auth": {
					"type": "apikey",
					"apikey": [
						{
							"key": "in",
							"value": "query",
							"type": "string"
						},
						{
							"key": "value",
							"value": "{{APIKey}}",
							"type": "string"
						},
						{
							"key": "key",
							"value": "key",
							"type": "string"
						}
					]
				},
				"method": "DELETE",
				"header": [],
				"url": {
					"raw": "{{BaseURL}}/1/organizations/{{OrganizationID}}?token={{APIToken}}",
					"host": [
						"{{BaseURL}}"
					],
					"path": [
						"1",
						"organizations",
						"{{OrganizationID}}"
					],
					"query": [
						{
							"key": "token",
							"value": "{{APIToken}}"
						}
					]
				}
			},
			"response": []
		}
	],
	"event": [
		{
			"listen": "prerequest",
			"script": {
				"type": "text/javascript",
				"exec": [
					""
				]
			}
		},
		{
			"listen": "test",
			"script": {
				"type": "text/javascript",
				"exec": [
					""
				]
			}
		}
	],
	"variable": [
		{
			"key": "APIKey",
			"value": "8023709e987fd98cc93005f4d273c3b4",
			"type": "string"
		},
		{
			"key": "APIToken",
			"value": "ATTAfd149b800298bc631d712f204d145013004be1ab71cdb7957638ac50c5b6fbbe2B1226EA",
			"type": "string"
		},
		{
			"key": "OrganizationID",
			"value": ""
		},
		{
			"key": "MemberID",
			"value": ""
		},
		{
			"key": "BoardID",
			"value": "",
			"type": "string"
		},
		{
			"key": "ListID",
			"value": "",
			"type": "string"
		}
	]
}